,Movie,Year,Duration (min),Genre,IMDb,Votes,Gross (Mill)
0,The Shawshank Redemption,1994,142,Drama,9.3,2313251,28.34
1,The Godfather,1972,175,"Crime, Drama",9.2,1597049,134.97
2,The Dark Knight,2008,152,"Action, Crime, Drama",9,2275850,534.86
3,The Godfather: Part II,1974,202,"Crime, Drama",9,1115603,57.3
4,12 Angry Men,1957,96,"Crime, Drama",9,680406,4.36
5,The Lord of the Rings: The Return of the King,2003,201,"Action, Adventure, Drama",8.9,1624218,377.85
6,Pulp Fiction,1994,154,"Crime, Drama",8.9,1805132,107.93
7,Schindler's List,1993,195,"Biography, Drama, History",8.9,1199899,96.9
8,Inception,2010,148,"Action, Adventure, Sci-Fi",8.8,2038216,292.58
9,Soorarai Pottru,2020,153,Drama,8.8,49670,-
10,Fight Club,1999,139,Drama,8.8,1832729,37.03
11,The Lord of the Rings: The Fellowship of the Ring,2001,178,"Action, Adventure, Drama",8.8,1640352,315.54
12,Forrest Gump,1994,142,"Drama, Romance",8.8,1783410,330.25
13,"The Good, the Bad and the Ugly",1966,178,Western,8.8,681299,6.1
14,The Lord of the Rings: The Two Towers,2002,179,"Action, Adventure, Drama",8.7,1468287,342.55
15,The Matrix,1999,136,"Action, Sci-Fi",8.7,1655481,171.48
16,Goodfellas,1990,146,"Biography, Crime, Drama",8.7,1007187,46.84
17,Star Wars: Episode V - The Empire Strikes Back,1980,124,"Action, Adventure, Fantasy",8.7,1145963,290.48
18,One Flew Over the Cuckoo's Nest,1975,133,Drama,8.7,908194,112
19,Hamilton,2020,160,"Biography, Drama, History",8.6,48224,-
20,Parasite,2019,132,"Comedy, Drama, Thriller",8.6,515231,53.37
21,Interstellar,2014,169,"Adventure, Drama, Sci-Fi",8.6,1483703,188.02
22,City of God,2002,130,"Crime, Drama",8.6,693139,7.56
23,Spirited Away,2001,125,"Animation, Adventure, Family",8.6,640104,10.06
24,Saving Private Ryan,1998,169,"Drama, War",8.6,1221095,216.54
25,The Green Mile,1999,189,"Crime, Drama, Fantasy",8.6,1131533,136.8
26,Life Is Beautiful,1997,116,"Comedy, Drama, Romance",8.6,615480,57.6
27,Se7en,1995,127,"Crime, Drama, Mystery",8.6,1425481,100.13
28,The Silence of the Lambs,1991,118,"Crime, Drama, Thriller",8.6,1254665,130.74
29,Star Wars: Episode IV - A New Hope,1977,121,"Action, Adventure, Fantasy",8.6,1217786,322.74
30,Harakiri,1962,133,"Action, Drama, Mystery",8.6,40156,-
31,Seven Samurai,1954,163,"Action, Adventure, Drama",8.6,312448,0.27
32,It's a Wonderful Life,1946,130,"Drama, Family, Fantasy",8.6,393488,-
33,Joker,2019,122,"Crime, Drama, Thriller",8.5,903474,335.45
34,Vikram Vedha,2017,147,"Action, Crime, Drama",8.5,26682,-
35,Whiplash,2014,106,"Drama, Music",8.5,704881,13.09
36,The Intouchables,2011,112,"Biography, Comedy, Drama",8.5,748241,13.18
37,The Prestige,2006,130,"Drama, Mystery, Sci-Fi",8.5,1174039,53.09
38,The Departed,2006,151,"Crime, Drama, Thriller",8.5,1175665,132.38
39,The Pianist,2002,150,"Biography, Drama, Music",8.5,719770,32.57
40,Gladiator,2000,155,"Action, Adventure, Drama",8.5,1325910,187.71
41,American History X,1998,119,Drama,8.5,1025468,6.72
42,The Usual Suspects,1995,106,"Crime, Mystery, Thriller",8.5,981136,23.34
43,Léon: The Professional,1994,110,"Action, Crime, Drama",8.5,1022807,19.5
44,The Lion King,1994,88,"Animation, Adventure, Drama",8.5,930484,422.78
45,Terminator 2: Judgment Day,1991,137,"Action, Sci-Fi",8.5,986382,204.84
46,Cinema Paradiso,1988,155,Drama,8.5,227304,11.99
47,Grave of the Fireflies,1988,89,"Animation, Drama, War",8.5,230998,-
48,Back to the Future,1985,116,"Adventure, Comedy, Sci-Fi",8.5,1044305,210.61
49,Once Upon a Time in the West,1968,165,Western,8.5,299672,5.32
50,Psycho,1960,109,"Horror, Mystery, Thriller",8.5,597627,32
51,Casablanca,1942,102,"Drama, Romance, War",8.5,516525,1.02
52,Modern Times,1936,87,"Comedy, Drama, Family",8.5,214991,0.16
53,City Lights,1931,87,"Comedy, Drama, Romance",8.5,165669,0.02
54,Capernaum,2018,126,Drama,8.4,58720,1.66
55,Ayla: The Daughter of War,2017,125,"Biography, Drama, History",8.4,33181,-
56,Your Name.,2016,106,"Animation, Drama, Fantasy",8.4,187703,5.02
57,Dangal,2016,161,"Action, Biography, Drama",8.4,152691,12.39
58,Spider-Man: Into the Spider-Verse,2018,117,"Animation, Action, Adventure",8.4,358780,190.24
59,Avengers: Endgame,2019,181,"Action, Adventure, Drama",8.4,784304,858.37
60,Avengers: Infinity War,2018,149,"Action, Adventure, Sci-Fi",8.4,816358,678.82
61,Coco,-,105,"Animation, Adventure, Family",8.4,367479,209.73
62,Django Unchained,2012,165,"Drama, Western",8.4,1339086,162.81
63,The Dark Knight Rises,2012,164,"Action, Adventure",8.4,1500191,448.14
64,3 Idiots,2009,170,"Comedy, Drama",8.4,338982,6.53
65,Like Stars on Earth,2007,165,"Drama, Family",8.4,165814,1.22
66,WALL·E,2008,98,"Animation, Adventure, Family",8.4,987800,223.81
67,The Lives of Others,2006,137,"Drama, Mystery, Thriller",8.4,354704,11.29
68,Oldboy,2003,120,"Action, Drama, Mystery",8.4,508898,0.71
69,Memento,2000,113,"Mystery, Thriller",8.4,1113909,25.54
70,Princess Mononoke,1997,134,"Animation, Adventure, Fantasy",8.4,337745,2.38
71,Once Upon a Time in America,1984,229,"Crime, Drama",8.4,307282,5.32
72,Raiders of the Lost Ark,1981,115,"Action, Adventure",8.4,875677,248.16
73,The Shining,1980,146,"Drama, Horror",8.4,887228,44.02
74,Apocalypse Now,1979,147,"Drama, Mystery, War",8.4,599861,83.47
75,Alien,1979,117,"Horror, Sci-Fi",8.4,779806,78.9
76,Anand,1971,122,"Drama, Musical",8.4,29438,-
77,High and Low,1963,143,"Crime, Drama, Mystery",8.4,33120,-
78,Dr. Strangelove or: How I Learned to Stop Worrying and Love the Bomb,1964,95,Comedy,8.4,446278,0.28
79,Witness for the Prosecution,1957,116,"Crime, Drama, Mystery",8.4,107224,8.18
80,Paths of Glory,1957,88,"Drama, War",8.4,175868,-
81,Rear Window,1954,112,"Mystery, Thriller",8.4,439153,36.76
82,Sunset Blvd.,1950,115,"Drama, Film-Noir",8.4,199315,-
83,The Great Dictator,1940,125,"Comedy, Drama, War",8.4,200746,0.29
84,1917,2019,119,"Drama, War",8.3,395976,159.23
85,Tumbbad,2018,104,"Drama, Fantasy, Horror",8.3,26402,-
86,Andhadhun,2018,139,"Crime, Drama, Music",8.3,69237,1.37
87,Drishyam,2013,160,"Crime, Drama, Thriller",8.3,30313,-
88,The Hunt,2012,115,Drama,8.3,275592,0.69
89,A Separation,2011,123,Drama,8.3,217300,7.1
90,Incendies,2010,131,"Drama, Mystery, War",8.3,146720,6.86
91,7 Kogustaki Mucize,2019,132,Drama,8.3,31444,-
92,My Father and My Son,2005,112,"Drama, Family",8.3,77627,-
93,Toy Story 3,2010,103,"Animation, Adventure, Comedy",8.3,749152,415
94,Inglourious Basterds,2009,153,"Adventure, Drama, War",8.3,1249921,120.54
95,Eternal Sunshine of the Spotless Mind,2004,108,"Drama, Romance, Sci-Fi",8.3,902288,34.4
96,Amélie,2001,122,"Comedy, Romance",8.3,697535,33.23
97,Snatch,2000,102,"Comedy, Crime",8.3,774673,30.33
98,Requiem for a Dream,2000,102,Drama,8.3,758706,3.64
99,American Beauty,1999,122,Drama,8.3,1060339,130.1
100,Good Will Hunting,1997,126,"Drama, Romance",8.3,850649,138.43
101,Children of Heaven,1997,89,"Drama, Family, Sport",8.3,64089,0.93
102,Toy Story,1995,81,"Animation, Adventure, Comedy",8.3,876923,191.8
103,Braveheart,1995,178,"Biography, Drama, History",8.3,951061,75.6
104,Reservoir Dogs,1992,99,"Crime, Drama, Thriller",8.3,908585,2.83
105,Full Metal Jacket,1987,116,"Drama, War",8.3,667940,46.36
106,Come and See,1985,142,"Drama, Thriller, War",8.3,57130,-
107,Aliens,1986,137,"Action, Adventure, Sci-Fi",8.3,647110,85.16
108,Amadeus,1984,160,"Biography, Drama, History",8.3,365549,51.97
109,Scarface,1983,170,"Crime, Drama",8.3,732046,45.6
110,Star Wars: Episode VI - Return of the Jedi,1983,131,"Action, Adventure, Fantasy",8.3,939319,309.13
111,Das Boot,1981,149,"Adventure, Drama, Thriller",8.3,229549,11.49
112,Taxi Driver,1976,114,"Crime, Drama",8.3,715173,28.26
113,The Sting,1973,129,"Comedy, Crime, Drama",8.3,239218,159.6
114,A Clockwork Orange,1971,136,"Crime, Drama, Sci-Fi",8.3,750457,6.21
115,2001: A Space Odyssey,1968,149,"Adventure, Sci-Fi",8.3,596692,56.95
116,For a Few Dollars More,1965,132,Western,8.3,230052,15
117,Lawrence of Arabia,1962,228,"Adventure, Biography, Drama",8.3,265144,44.82
118,The Apartment,1960,125,"Comedy, Drama, Romance",8.3,162086,18.6
119,North by Northwest,1959,136,"Adventure, Mystery, Thriller",8.3,296028,13.28
120,Vertigo,1958,128,"Mystery, Romance, Thriller",8.3,359925,3.2
121,Singin' in the Rain,1952,103,"Comedy, Musical, Romance",8.3,216258,8.82
122,Ikiru,1952,143,Drama,8.3,67256,0.06
123,Bicycle Thieves,1948,89,Drama,8.3,144375,0.33
124,Double Indemnity,1944,110,"Crime, Drama, Film-Noir",8.3,141954,5.72
125,Citizen Kane,1941,119,"Drama, Mystery",8.3,395779,1.59
126,M,1931,99,"Crime, Mystery, Thriller",8.3,141809,0.03
127,Metropolis,1927,153,"Drama, Sci-Fi",8.3,158443,1.24
128,The Kid,1921,68,"Comedy, Drama, Family",8.3,111575,5.45
129,Chhichhore,2019,143,"Comedy, Drama",8.2,31996,0.9
130,Uri: The Surgical Strike,2018,138,"Action, Drama, War",8.2,42486,4.19
131,K.G.F: Chapter 1,2018,156,"Action, Drama",8.2,33858,-
132,Green Book,2018,130,"Biography, Comedy, Drama",8.2,358405,85.08
133,"Three Billboards Outside Ebbing, Missouri",2017,115,"Comedy, Crime, Drama",8.2,421874,54.51
134,Talvar,2015,132,"Crime, Drama, Mystery",8.2,30659,0.34
135,Baahubali 2: The Conclusion,2017,167,"Action, Drama",8.2,74037,20.19
136,Klaus,2019,96,"Animation, Adventure, Comedy",8.2,81542,-
137,Drishyam,2015,163,"Crime, Drama, Mystery",8.2,68472,0.74
138,Queen,2013,146,"Adventure, Comedy, Drama",8.2,60188,1.43
139,Tangerines,2013,87,"Drama, War",8.2,39056,0.14
140,Bhaag Milkha Bhaag,2013,186,"Biography, Drama, Sport",8.2,60443,1.63
141,Gangs of Wasseypur,2012,321,"Action, Crime, Drama",8.2,80784,-
142,Udaan,2010,134,Drama,8.2,41989,0.01
143,Paan Singh Tomar,2012,135,"Action, Biography, Crime",8.2,32884,0.04
144,The Secret in Their Eyes,2009,129,"Drama, Mystery, Romance",8.2,190817,6.39
145,Warrior,2011,140,"Action, Drama, Sport",8.2,432201,13.66
146,Shutter Island,2010,138,"Mystery, Thriller",8.2,1114190,128.01
147,Up,2009,96,"Animation, Adventure, Comedy",8.2,924108,293
148,The Wolf of Wall Street,2013,180,"Biography, Crime, Drama",8.2,1163721,116.9
149,Chak De! India,2007,153,"Drama, Family, Sport",8.2,73301,1.11
150,There Will Be Blood,2007,158,Drama,8.2,510861,40.22
151,Pan's Labyrinth,2006,118,"Drama, Fantasy, War",8.2,613458,37.63
152,V for Vendetta,2005,132,"Action, Drama, Sci-Fi",8.2,1022975,70.51
153,Rang De Basanti,2006,167,"Comedy, Crime, Drama",8.2,110692,2.2
154,Black,2005,122,Drama,8.2,33151,0.73
155,Batman Begins,2005,140,"Action, Adventure",8.2,1294723,206.85
156,Swades,2004,189,Drama,8.2,82270,1.22
157,Downfall,2004,156,"Biography, Drama, History",8.2,328390,5.51
158,Howl's Moving Castle,2004,119,"Animation, Adventure, Family",8.2,327355,4.71
159,A Beautiful Mind,2001,135,"Biography, Drama",8.2,839148,170.74
160,Hera Pheri,2000,156,"Action, Comedy, Crime",8.2,56207,-
161,"Lock, Stock and Two Smoking Barrels",1998,107,"Action, Comedy, Crime",8.2,530375,3.9
162,L.A. Confidential,1997,138,"Crime, Drama, Mystery",8.2,527207,64.62
163,The Bandit,1996,128,"Crime, Drama, Thriller",8.2,63156,-
164,Heat,1995,170,"Crime, Drama, Thriller",8.2,570093,67.44
165,Casino,1995,178,"Crime, Drama",8.2,460515,42.44
166,Andaz Apna Apna,1994,160,"Action, Comedy, Romance",8.2,48886,-
167,Unforgiven,1992,130,"Drama, Western",8.2,372141,101.16
168,Indiana Jones and the Last Crusade,1989,127,"Action, Adventure",8.2,685598,197.17
169,My Neighbor Totoro,1988,86,"Animation, Family, Fantasy",8.2,285471,1.11
170,Die Hard,1988,132,"Action, Thriller",8.2,776517,83.01
171,Ran,1985,162,"Action, Drama, War",8.2,111054,4.14
172,Raging Bull,1980,129,"Biography, Drama, Sport",8.2,318447,23.38
173,Stalker,1979,162,"Drama, Sci-Fi",8.2,114822,0.23
174,Autumn Sonata,1978,99,"Drama, Music",8.2,25361,-
175,The Message,1976,177,"Biography, Drama, History",8.2,43518,-
176,Sholay,1975,162,"Action, Adventure, Comedy",8.2,50811,-
177,Monty Python and the Holy Grail,1975,91,"Adventure, Comedy, Fantasy",8.2,496899,1.23
178,The Great Escape,1963,172,"Adventure, Drama, History",8.2,222424,12.1
179,To Kill a Mockingbird,1962,129,"Crime, Drama",8.2,291672,-
180,Yojimbo,1961,110,"Action, Drama, Thriller",8.2,109712,-
181,Judgment at Nuremberg,1961,179,"Drama, War",8.2,68642,-
182,Some Like It Hot,1959,121,"Comedy, Music, Romance",8.2,241237,25
183,Wild Strawberries,1957,91,"Drama, Romance",8.2,94797,-
184,The Seventh Seal,1957,96,"Drama, Fantasy",8.2,162423,-
185,Rififi,1955,118,"Crime, Drama, Thriller",8.2,27882,0.06
186,Dial M for Murder,1954,105,"Crime, Thriller",8.2,156291,0.01
187,Tokyo Story,1953,136,Drama,8.2,52087,-
188,Rashomon,1950,88,"Crime, Drama, Mystery",8.2,150740,0.1
189,All About Eve,1950,138,Drama,8.2,119464,0.01
190,The Treasure of the Sierra Madre,1948,126,"Adventure, Drama, Western",8.2,113157,5.01
191,To Be or Not to Be,1942,99,"Comedy, War",8.2,28992,-
192,The Gold Rush,1925,95,"Adventure, Comedy, Drama",8.2,99580,5.45
193,Sherlock Jr.,1924,45,"Action, Comedy, Romance",8.2,41048,0.98
194,Portrait of a Lady on Fire,2019,122,"Drama, Romance",8.1,57415,3.76
195,Pink,-,136,"Drama, Thriller",8.1,38527,1.24
196,A Silent Voice: The Movie,2016,130,"Animation, Drama, Family",8.1,44666,-
197,The Invisible Guest,2016,106,"Crime, Drama, Mystery",8.1,134605,-
198,The Handmaiden,2016,145,"Drama, Romance, Thriller",8.1,109508,2.01
199,Mommy,-,139,Drama,8.1,49803,3.49
200,Haider,2014,160,"Action, Crime, Drama",8.1,49998,0.9
201,Logan,2017,137,"Action, Drama, Sci-Fi",8.1,638659,226.28
202,Room,-,118,"Drama, Thriller",8.1,364958,14.68
203,Wild Tales,2014,122,"Comedy, Drama, Thriller",8.1,174171,3.11
204,Winter Sleep,2014,196,Drama,8.1,45215,0.17
205,Baahubali: The Beginning,2015,159,"Action, Drama",8.1,101657,6.74
206,Gully Boy,2019,153,"Drama, Music",8.1,30962,5.57
207,PK,2014,153,"Comedy, Drama, Musical",8.1,160361,10.62
208,OMG: Oh My God!,2012,125,"Comedy, Drama, Fantasy",8.1,50953,0.92
209,The Grand Budapest Hotel,2014,99,"Adventure, Comedy, Crime",8.1,697889,59.1
210,Gone Girl,2014,149,"Drama, Mystery, Thriller",8.1,847454,167.77
211,Wolf Children,2012,117,"Animation, Drama, Family",8.1,38154,-
212,Hacksaw Ridge,2016,139,"Biography, Drama, History",8.1,427801,67.21
213,Inside Out,-,95,"Animation, Adventure, Comedy",8.1,603584,356.46
214,Barfi!,2012,151,"Comedy, Drama, Romance",8.1,74982,2.8
215,12 Years a Slave,2013,134,"Biography, Drama, History",8.1,633086,56.67
216,Rush,-,123,"Action, Biography, Drama",8.1,428391,26.95
217,Ford v Ferrari,2019,152,"Action, Biography, Drama",8.1,276276,117.62
218,Spotlight,-,129,"Biography, Crime, Drama",8.1,414187,45.06
219,Song of the Sea,2014,93,"Animation, Adventure, Drama",8.1,50309,0.86
220,Kahaani,2012,122,"Mystery, Thriller",8.1,57248,1.04
221,Zindagi Na Milegi Dobara,2011,155,"Comedy, Drama",8.1,66897,3.11
222,Prisoners,2013,153,"Crime, Drama, Mystery",8.1,591872,61
223,Mad Max: Fury Road,2015,120,"Action, Adventure, Sci-Fi",8.1,869950,154.06
224,A Wednesday,2008,104,"Action, Crime, Drama",8.1,73359,-
225,Gran Torino,2008,116,Drama,8.1,714611,148.1
226,Harry Potter and the Deathly Hallows: Part 2,2011,130,"Adventure, Drama, Fantasy",8.1,754337,381.01
227,Departures,2008,130,"Drama, Music",8.1,48190,1.5
228,Hachi: A Dog's Tale,2009,93,"Biography, Drama, Family",8.1,249876,-
229,Mary and Max,2009,92,"Animation, Comedy, Drama",8.1,162988,-
230,How to Train Your Dragon,2010,98,"Animation, Action, Adventure",8.1,659670,217.58
231,Elite Squad,2007,115,"Action, Crime, Drama",8.1,97431,0.01
232,Into the Wild,2007,148,"Adventure, Biography, Drama",8.1,566816,18.35
233,No Country for Old Men,2007,122,"Crime, Drama, Thriller",8.1,845109,74.28
234,Lage Raho Munna Bhai,2006,144,"Comedy, Drama, Romance",8.1,42635,2.22
235,Million Dollar Baby,2004,132,"Drama, Sport",8.1,630189,100.49
236,Hotel Rwanda,2004,121,"Biography, Drama, History",8.1,331986,23.53
237,Tae Guk Gi: The Brotherhood of War,2004,140,"Action, Drama, War",8.1,37620,1.11
238,Before Sunset,2004,80,"Drama, Romance",8.1,232913,5.82
239,Munna Bhai M.B.B.S.,2003,156,"Comedy, Drama, Musical",8.1,73127,-
240,Memories of Murder,2003,132,"Action, Crime, Drama",8.1,134476,0.01
241,Dil Chahta Hai,2001,183,"Comedy, Drama, Romance",8.1,66172,0.3
242,Kill Bill: Vol. 1,2003,111,"Action, Crime, Thriller",8.1,990000,70.1
243,Finding Nemo,2003,100,"Animation, Adventure, Comedy",8.1,939573,380.84
244,Catch Me If You Can,2002,141,"Biography, Crime, Drama",8.1,816206,164.62
245,Amores Perros,2000,154,"Drama, Thriller",8.1,221684,5.38
246,Neon Genesis Evangelion: The End of Evangelion,1997,87,"Animation, Action, Drama",8.1,37781,-
247,Lagaan: Once Upon a Time in India,2001,224,"Adventure, Drama, Musical",8.1,103969,0.07
248,The Sixth Sense,1999,107,"Drama, Mystery, Thriller",8.1,903924,293.51
249,The Legend of 1900,1998,169,"Drama, Music, Romance",8.1,58355,0.26
250,The Truman Show,1998,103,"Comedy, Drama, Sci-Fi",8.1,926307,125.62
251,"Gato negro, gato blanco",1998,127,"Comedy, Crime, Romance",8.1,50407,0.35
252,The Big Lebowski,1998,117,"Comedy, Crime, Sport",8.1,724673,17.5
253,In the Mood for Love,2000,98,"Drama, Romance",8.1,121977,2.73
254,Trainspotting,1996,93,Drama,8.1,629504,16.5
255,Fargo,1996,98,"Crime, Drama, Thriller",8.1,610255,24.61
256,Underground,1995,167,"Comedy, Drama, War",8.1,54739,0.17
257,La Haine,1995,98,"Crime, Drama",8.1,147774,0.31
258,Dilwale Dulhania Le Jayenge,1995,181,"Drama, Romance",8.1,62894,-
259,Before Sunrise,1995,101,"Drama, Romance",8.1,267968,5.54
260,Three Colors: Red,1994,99,"Drama, Mystery, Romance",8.1,89395,4.04
261,Chungking Express,1994,102,"Comedy, Crime, Drama",8.1,61628,0.6
262,Jurassic Park,1993,127,"Action, Adventure, Sci-Fi",8.1,857908,402.45
263,In the Name of the Father,1993,133,"Biography, Crime, Drama",8.1,155166,25.01
264,Raise the Red Lantern,1991,125,"Drama, History, Romance",8.1,29264,2.6
265,Dead Poets Society,1989,128,"Comedy, Drama",8.1,418667,95.86
266,Stand by Me,1986,89,"Adventure, Drama",8.1,360046,52.29
267,Platoon,1986,120,"Drama, War",8.1,377703,138.53
268,"Paris, Texas",1984,145,Drama,8.1,89045,2.18
269,Nausicaä of the Valley of the Wind,1984,117,"Animation, Adventure, Fantasy",8.1,148329,0.5
270,The Thing,1982,109,"Horror, Mystery, Sci-Fi",8.1,367285,13.78
271,Pink Floyd: The Wall,1982,95,"Drama, Fantasy, Music",8.1,75511,22.24
272,Fitzcarraldo,1982,158,"Adventure, Drama",8.1,31164,-
273,Fanny and Alexander,1982,188,Drama,8.1,56931,4.97
274,Blade Runner,1982,117,"Action, Sci-Fi, Thriller",8.1,686760,32.87
275,The Elephant Man,1980,124,"Biography, Drama",8.1,217620,-
276,Monty Python's Life of Brian,1979,94,Comedy,8.1,363750,20.05
277,The Deer Hunter,1978,183,"Drama, War",8.1,308306,48.98
278,Rocky,1976,120,"Drama, Sport",8.1,512894,117.24
279,Network,1976,121,Drama,8.1,143675,-
280,Barry Lyndon,1975,185,"Adventure, Drama, History",8.1,147774,-
281,The Mirror,1975,107,"Biography, Drama",8.1,39192,0.18
282,Chinatown,1974,130,"Drama, Mystery, Thriller",8.1,290992,29.2
283,Paper Moon,1973,102,"Comedy, Crime, Drama",8.1,41836,30.93
284,Cries & Whispers,1972,91,Drama,8.1,29737,1.74
285,Solaris,1972,167,"Drama, Mystery, Sci-Fi",8.1,79844,-
286,Le Samouraï,1967,101,"Crime, Drama, Mystery",8.1,44815,0.04
287,Cool Hand Luke,1967,127,"Crime, Drama",8.1,160149,16.22
288,Persona,1966,83,"Drama, Thriller",8.1,101280,-
289,Andrei Rublev,1966,205,"Biography, Drama, History",8.1,46022,0.1
290,The Battle of Algiers,1966,121,"Drama, War",8.1,52283,0.06
291,The Exterminating Angel,1962,95,"Drama, Fantasy",8.1,29339,-
292,What Ever Happened to Baby Jane?,1962,135,"Drama, Horror, Thriller",8.1,49664,4.05
293,Sanjuro,1962,96,"Action, Comedy, Crime",8.1,32404,-
294,The Man Who Shot Liberty Valance,1962,123,"Drama, Western",8.1,68089,-
295,Ivan's Childhood,1962,84,"Drama, War",8.1,31060,-
296,The Virgin Spring,1960,89,Drama,8.1,26403,1.53
297,Inherit the Wind,1960,128,"Biography, Drama, History",8.1,27028,-
298,The 400 Blows,1959,99,"Crime, Drama",8.1,103789,-
299,Ben-Hur,1959,212,"Adventure, Drama, History",8.1,217307,74.7
300,The Hidden Fortress,1958,126,"Adventure, Drama",8.1,34165,-
301,Sweet Smell of Success,1957,96,"Drama, Film-Noir",8.1,27749,-
302,Nights of Cabiria,1957,110,Drama,8.1,42449,0.75
303,Throne of Blood,1957,110,"Drama, History",8.1,45983,-
304,The Bridge on the River Kwai,1957,161,"Adventure, Drama, War",8.1,201492,44.91
305,On the Waterfront,1954,108,"Crime, Drama, Thriller",8.1,140599,9.6
306,The Wages of Fear,1953,131,"Adventure, Drama, Thriller",8.1,53915,-
307,Ace in the Hole,1951,111,"Drama, Film-Noir",8.1,31182,3.97
308,White Heat,1949,114,"Action, Crime, Drama",8.1,29443,-
309,The Third Man,1949,93,"Film-Noir, Mystery, Thriller",8.1,157279,0.45
310,The Red Shoes,1948,135,"Drama, Music, Romance",8.1,30514,10.9
311,The Shop Around the Corner,1940,99,"Comedy, Drama, Romance",8.1,27352,0.2
312,Rebecca,1940,130,"Drama, Mystery, Romance",8.1,122471,4.36
313,Mr. Smith Goes to Washington,1939,129,"Comedy, Drama",8.1,105893,9.6
314,Gone with the Wind,1939,238,"Drama, History, Romance",8.1,287225,198.68
315,La Grande Illusion,1937,113,"Drama, War",8.1,33544,0.17
316,It Happened One Night,1934,105,"Comedy, Romance",8.1,92844,4.36
317,The Passion of Joan of Arc,1928,114,"Biography, Drama, History",8.1,46871,0.02
318,The Circus,1928,72,"Comedy, Romance",8.1,29461,-
319,Sunrise,1927,94,"Drama, Romance",8.1,46541,0.54
320,The General,1926,67,"Action, Adventure, Comedy",8.1,80133,1.03
321,The Cabinet of Dr. Caligari,1920,67,"Fantasy, Horror, Mystery",8.1,56765,-
322,Shoplifters,2018,121,"Crime, Drama",8,59966,3.31
323,Badhaai Ho,2018,124,"Comedy, Drama",8,27253,-
324,Marriage Story,2019,137,"Comedy, Drama, Romance",8,238007,2
325,Togo,2019,113,"Adventure, Biography, Drama",8,34334,-
326,Airlift,2016,130,"Drama, History",8,52483,-
327,Bajrangi Bhaijaan,2015,163,"Action, Adventure, Comedy",8,71215,8.18
328,Baby,-,159,"Action, Thriller",8,52379,-
329,La La Land,2016,128,"Comedy, Drama, Music",8,496888,151.1
330,Lion,2016,118,"Biography, Drama",8,210683,51.74
331,The Martian,2015,144,"Adventure, Drama, Sci-Fi",8,751095,228.43
332,Zootopia,2016,108,"Animation, Adventure, Comedy",8,427880,341.27
333,The Tale of The Princess Kaguya,2013,137,"Animation, Adventure, Drama",8,37666,1.51
334,Wonder,-,113,"Drama, Family",8,138178,132.42
335,Special 26,2013,144,"Crime, Drama, Thriller",8,50467,1.08
336,Short Term 12,2013,96,Drama,8,80899,1.01
337,The Raid 2,2014,150,"Action, Crime, Thriller",8,113405,2.63
338,The Imitation Game,2014,114,"Biography, Drama, Thriller",8,677025,91.13
339,Guardians of the Galaxy,2014,121,"Action, Adventure, Comedy",8,1033840,333.18
340,Blade Runner 2049,2017,164,"Action, Drama, Mystery",8,452308,92.05
341,Her,2013,126,"Drama, Romance, Sci-Fi",8,533287,25.57
342,Bohemian Rhapsody,2018,134,"Biography, Drama, Music",8,442111,216.43
343,The Revenant,2015,156,"Action, Adventure, Drama",8,695447,183.64
344,The Perks of Being a Wallflower,2012,103,"Drama, Romance",8,457352,17.74
345,Elite Squad 2: The Enemy Within,2010,115,"Action, Crime, Drama",8,78773,0.1
346,The King's Speech,2010,118,"Biography, Drama, History",8,634055,138.8
347,The Help,2011,146,Drama,8,424148,169.71
348,Deadpool,2016,108,"Action, Adventure, Comedy",8,893087,363.07
349,Darbareye Elly,2009,119,"Drama, Mystery, Thriller",8,44832,0.11
350,Dev.D,2009,144,"Drama, Romance",8,28498,0.01
351,Ip Man,2008,106,"Action, Biography, Drama",8,209889,-
352,My Name Is Khan,2010,165,Drama,8,97685,4.02
353,The Breath,2009,128,"Action, Drama, Thriller",8,31545,-
354,Slumdog Millionaire,2008,120,"Drama, Romance",8,792887,141.32
355,Black Swan,2010,108,"Drama, Thriller",8,693217,106.95
356,The Avengers,2012,143,"Action, Adventure, Sci-Fi",8,1251415,623.28
357,Persepolis,2007,96,"Animation, Biography, Drama",8,87922,4.45
358,Dallas Buyers Club,2013,117,"Biography, Drama",8,436033,27.3
359,The Pursuit of Happyness,2006,117,"Biography, Drama",8,443398,163.57
360,Blood Diamond,2006,143,"Adventure, Drama, Thriller",8,494662,57.37
361,The Bourne Ultimatum,2007,115,"Action, Mystery, Thriller",8,601454,227.47
362,3-Iron,2004,88,"Crime, Drama, Romance",8,49593,0.24
363,Sin City,2005,124,"Crime, Thriller",8,736171,74.1
364,The Diving Bell and the Butterfly,2007,112,"Biography, Drama",8,102684,5.99
365,G.O.R.A.,2004,127,"Adventure, Comedy, Sci-Fi",8,56060,-
366,Ratatouille,2007,111,"Animation, Adventure, Comedy",8,633318,206.45
367,Casino Royale,2006,144,"Action, Adventure, Thriller",8,577114,167.45
368,Kill Bill: Vol. 2,2004,137,"Action, Crime, Thriller",8,677004,66.21
369,The Return,2003,110,Drama,8,41954,0.5
370,"Spring, Summer, Fall, Winter... and Spring",2003,103,"Drama, Romance",8,76486,2.38
371,The Sea Inside,-,126,"Biography, Drama",8,77003,2.09
372,Cinderella Man,2005,144,"Biography, Drama, History",8,174853,61.65
373,Kal ho naa ho,2003,186,"Comedy, Drama, Musical",8,62779,1.79
374,Infernal Affairs,2002,101,"Action, Crime, Drama",8,117223,0.17
375,Pirates of the Caribbean: The Curse of the Black Pearl,2003,143,"Action, Adventure, Fantasy",8,1008796,305.41
376,Big Fish,2003,125,"Adventure, Drama, Fantasy",8,412407,66.26
377,The Incredibles,2004,115,"Animation, Action, Adventure",8,650387,261.44
378,My Sassy Girl,2001,137,"Comedy, Drama, Romance",8,45100,-
379,Dogville,2003,178,"Crime, Drama",8,136638,1.53
380,Vizontele,2001,110,"Comedy, Drama",8,32897,-
381,Donnie Darko,2001,113,"Drama, Mystery, Sci-Fi",8,734658,1.48
382,"Monsters, Inc.",2001,92,"Animation, Adventure, Comedy",8,806087,289.92
383,Magnolia,1999,188,Drama,8,287365,22.46
384,Dancer in the Dark,2000,140,"Crime, Drama, Musical",8,101251,4.18
385,Mulholland Drive,2001,147,"Drama, Mystery, Thriller",8,317875,7.22
386,The Straight Story,1999,112,"Biography, Drama",8,81026,6.2
387,Perfect Blue,1997,81,"Animation, Crime, Mystery",8,56447,0.78
388,The Celebration,1998,105,Drama,8,77290,1.65
389,Central Station,1998,110,Drama,8,36009,5.6
390,The Iron Giant,1999,86,"Animation, Action, Adventure",8,170419,23.16
391,Knockin' on Heaven's Door,1997,87,"Action, Crime, Comedy",8,27424,0
392,Sling Blade,1996,135,Drama,8,86324,24.48
393,Secrets & Lies,1996,136,"Comedy, Drama",8,37082,13.42
394,12 Monkeys,1995,129,"Mystery, Sci-Fi, Thriller",8,573431,57.14
395,Ghost in the Shell,1995,83,"Animation, Action, Crime",8,127552,0.52
396,The Nightmare Before Christmas,1993,76,"Animation, Family, Fantasy",8,295051,75.08
397,Groundhog Day,1993,101,"Comedy, Fantasy, Romance",8,573904,70.91
398,"Blood In, Blood Out",1993,180,"Crime, Drama",8,28605,4.5
399,Scent of a Woman,1992,156,Drama,8,259356,63.9
400,Aladdin,1992,90,"Animation, Adventure, Comedy",8,370690,217.35
401,JFK,1991,189,"Drama, History, Thriller",8,140644,70.41
402,Beauty and the Beast,1991,84,"Animation, Family, Fantasy",8,414271,218.97
403,Dances with Wolves,1990,181,"Adventure, Drama, Western",8,237714,184.21
404,Do the Right Thing,1989,120,"Comedy, Drama",8,88130,27.55
405,Rain Man,1988,133,Drama,8,469195,178.8
406,Akira,1988,124,"Animation, Action, Sci-Fi",8,162719,0.55
407,The Princess Bride,1987,98,"Adventure, Family, Fantasy",8,390222,30.86
408,Wings of Desire,1987,128,"Drama, Fantasy, Romance",8,63948,3.33
409,Au Revoir les Enfants,1987,104,"Drama, War",8,30880,4.54
410,Castle in the Sky,1986,125,"Animation, Adventure, Drama",8,148011,-
411,The Terminator,1984,107,"Action, Sci-Fi",8,794014,38.4
412,Gandhi,1982,191,"Biography, Drama, History",8,216546,52.77
413,Kagemusha,1980,162,"Drama, History, War",8,31820,-
414,Being There,1979,130,"Comedy, Drama",8,64974,30.18
415,Annie Hall,1977,93,"Comedy, Romance",8,250288,39.2
416,All the President's Men,1976,138,"Biography, Drama, History",8,101512,70.6
417,Jaws,1975,124,"Adventure, Thriller",8,540278,260
418,Dog Day Afternoon,1975,125,"Biography, Crime, Drama",8,233572,50
419,Young Frankenstein,1974,106,Comedy,8,142248,86.3
420,Papillon,1973,151,"Biography, Crime, Drama",8,120706,53.27
421,The Exorcist,1973,122,Horror,8,359940,232.91
422,Sleuth,1972,138,"Mystery, Thriller",8,44469,4.08
423,The Last Picture Show,1971,118,"Drama, Romance",8,41903,29.13
424,Fiddler on the Roof,1971,181,"Drama, Family, Musical",8,38949,80.5
425,The Conformist,1970,113,Drama,8,26687,0.54
426,Butch Cassidy and the Sundance Kid,1969,110,"Biography, Crime, Drama",8,200608,102.31
427,Rosemary's Baby,1968,137,"Drama, Horror",8,191608,-
428,Planet of the Apes,1968,115,"Adventure, Sci-Fi",8,164233,33.4
429,The Graduate,1967,106,"Comedy, Drama, Romance",8,251939,104.95
430,Who's Afraid of Virginia Woolf?,1966,131,Drama,8,68490,-
431,The Sound of Music,1965,172,"Biography, Drama, Family",8,200964,163.21
432,Doctor Zhivago,1965,197,"Drama, Romance, War",8,69066,111.72
433,A Fistful of Dollars,1964,99,"Action, Drama, Western",8,195967,14.5
434,8½,1963,138,Drama,8,107830,0.05
435,Vivre Sa Vie,1962,85,Drama,8,27531,-
436,The Hustler,1961,134,"Drama, Sport",8,74601,8.28
437,La Dolce Vita,1960,174,"Comedy, Drama",8,65763,19.52
438,Rio Bravo,1959,141,"Action, Drama, Western",8,55653,12.54
439,Anatomy of a Murder,1959,161,"Crime, Drama, Mystery",8,59262,11.9
440,Touch of Evil,1958,95,"Crime, Drama, Film-Noir",8,97782,2.24
441,Cat on a Hot Tin Roof,1958,108,Drama,8,44576,17.57
442,The Killing,1956,84,"Crime, Drama, Film-Noir",8,80847,-
443,The Night of the Hunter,1955,92,"Crime, Drama, Film-Noir",8,81144,0.65
444,La Strada,1954,108,Drama,8,57773,-
445,Diabolique,1955,117,"Crime, Drama, Horror",8,61096,-
446,Stalag 17,1953,120,"Comedy, Drama, War",8,50760,-
447,Roman Holiday,1953,118,"Comedy, Romance",8,126193,-
448,A Streetcar Named Desire,1951,122,Drama,8,98256,8
449,In a Lonely Place,1950,94,"Drama, Film-Noir, Mystery",8,26237,-
450,Kind Hearts and Coronets,1949,106,"Comedy, Crime",8,34150,-
451,Rope,1948,80,"Crime, Drama, Mystery",8,128272,-
452,Out of the Past,1947,97,"Crime, Drama, Film-Noir",8,32400,-
453,Brief Encounter,1945,86,"Drama, Romance",8,35167,-
454,Laura,1944,88,"Drama, Film-Noir, Mystery",8,42303,4.36
455,The Best Years of Our Lives,1946,170,"Drama, Romance, War",8,56868,23.65
456,Arsenic and Old Lace,1944,118,"Comedy, Crime, Thriller",8,64645,-
457,The Maltese Falcon,1941,100,"Film-Noir, Mystery",8,147873,2.11
458,The Grapes of Wrath,1940,129,"Drama, History",8,85160,0.06
459,The Wizard of Oz,1939,102,"Adventure, Family, Fantasy",8,369065,2.08
460,The Rules of the Game,1939,110,"Comedy, Drama",8,26460,-
461,The Thin Man,1934,91,"Comedy, Crime, Mystery",8,26157,-
462,All Quiet on the Western Front,1930,152,"Drama, War",8,56900,3.27
463,Battleship Potemkin,1925,66,"Drama, History, Thriller",8,52561,0.05
464,Knives Out,2019,130,"Comedy, Crime, Drama",7.9,422204,165.36
465,Dil Bechara,2020,101,"Comedy, Drama, Romance",7.9,108311,-
466,Call Me by Your Name,2017,132,"Drama, Romance",7.9,206494,18.1
467,"I, Daniel Blake",2016,100,Drama,7.9,52736,0.26
468,Isle of Dogs,2018,101,"Animation, Adventure, Comedy",7.9,136105,32.02
469,Dunkirk,2017,106,"Action, Drama, History",7.9,544232,188.37
470,Hunt for the Wilderpeople,2016,101,"Adventure, Comedy, Drama",7.9,108482,5.2
471,Captain Fantastic,2016,118,"Comedy, Drama",7.9,186046,5.88
472,Sing Street,2016,106,"Comedy, Drama, Music",7.9,84107,3.24
473,Thor: Ragnarok,2017,130,"Action, Adventure, Comedy",7.9,576760,315.06
474,Nightcrawler,2014,117,"Crime, Drama, Thriller",7.9,458219,32.38
475,Jojo Rabbit,2019,108,"Comedy, Drama, War",7.9,280081,0.35
476,Arrival,-,116,"Drama, Sci-Fi",7.9,585695,100.55
477,Star Wars: Episode VII - The Force Awakens,2015,138,"Action, Adventure, Sci-Fi",7.9,852629,936.66
478,Before Midnight,2013,109,"Drama, Romance",7.9,139260,8.11
479,X-Men: Days of Future Past,2014,132,"Action, Adventure, Sci-Fi",7.9,655449,233.92
480,Once Upon a Time in Anatolia,2011,157,"Crime, Drama",7.9,40863,0.14
481,The Artist,-,100,"Comedy, Drama, Romance",7.9,229171,44.67
482,Edge of Tomorrow,2014,113,"Action, Adventure, Sci-Fi",7.9,593662,100.21
483,Amour,2012,127,"Drama, Romance",7.9,92222,6.74
484,The Irishman,2019,209,"Biography, Crime, Drama",7.9,315282,7
485,A Prophet,2009,155,"Crime, Drama",7.9,92853,2.08
486,Moon,2009,97,"Drama, Mystery, Sci-Fi",7.9,332816,5.01
487,Let the Right One In,2008,114,"Crime, Drama, Fantasy",7.9,204526,2.12
488,District 9,2009,112,"Action, Sci-Fi, Thriller",7.9,634749,115.65
489,The Wrestler,2008,109,"Drama, Sport",7.9,287982,26.24
490,Jab We Met,2007,138,"Comedy, Drama, Romance",7.9,47183,0.41
491,The Trial of the Chicago 7,2020,129,"Drama, History, Thriller",7.9,65221,-
492,Boyhood,-,165,Drama,7.9,333374,25.38
493,"4 Months, 3 Weeks and 2 Days",2007,113,Drama,7.9,56147,1.19
494,Star Trek,2009,127,"Action, Adventure, Sci-Fi",7.9,574712,257.73
495,In Bruges,2008,107,"Comedy, Crime, Drama",7.9,387449,7.76
496,The Man from Earth,2007,87,"Drama, Fantasy, Sci-Fi",7.9,172598,-
497,Letters from Iwo Jima,2006,141,"Action, Adventure, Drama",7.9,153193,13.76
498,The Fall,2006,117,"Adventure, Drama, Fantasy",7.9,106689,2.28
499,Life of Pi,2012,127,"Adventure, Drama, Fantasy",7.9,575750,124.99
500,Fantastic Mr. Fox,2009,87,"Animation, Adventure, Comedy",7.9,196168,21
501,C.R.A.Z.Y.,2005,129,"Comedy, Drama",7.9,31334,-
502,The Chorus,2004,97,"Drama, Music",7.9,56878,3.64
503,Iron Man,2008,126,"Action, Adventure, Sci-Fi",7.9,930362,318.41
504,Shaun of the Dead,2004,99,"Comedy, Horror",7.9,508067,13.54
505,Head-On,2004,121,"Drama, Romance",7.9,50873,-
506,Mystic River,2003,138,"Crime, Drama, Mystery",7.9,415668,90.14
507,Harry Potter and the Prisoner of Azkaban,2004,142,"Adventure, Family, Fantasy",7.9,543712,249.36
508,Hero,2002,120,"Action, Adventure, History",7.9,173144,53.71
509,Talk to Her,2002,112,"Drama, Mystery, Romance",7.9,103891,9.28
510,No Man's Land,-,98,"Comedy, Drama, War",7.9,44324,1.06
511,Cowboy Bebop: The Movie,2001,115,"Animation, Action, Crime",7.9,42502,1
512,The Bourne Identity,2002,119,"Action, Mystery, Thriller",7.9,504447,121.66
513,Nine Queens,2000,114,"Crime, Drama, Thriller",7.9,49331,1.22
514,Children of Men,2006,109,"Adventure, Drama, Sci-Fi",7.9,461711,35.55
515,Almost Famous,2000,122,"Adventure, Comedy, Drama",7.9,250493,32.53
516,Toy Story 2,1999,92,"Animation, Adventure, Comedy",7.9,521653,245.85
517,Boogie Nights,1997,155,Drama,7.9,236901,26.4
518,Whisper of the Heart,1995,111,"Animation, Drama, Family",7.9,50623,-
519,Once Were Warriors,1994,102,"Crime, Drama",7.9,31300,2.2
520,True Romance,1993,119,"Crime, Drama, Romance",7.9,204996,12.28
521,Three Colors: Blue,1993,94,"Drama, Music, Mystery",7.9,88155,1.32
522,Ninja Scroll,1993,94,"Animation, Action, Adventure",7.9,34246,-
523,Carlito's Way,1993,144,"Crime, Drama, Thriller",7.9,199041,36.95
524,Edward Scissorhands,1990,105,"Drama, Fantasy, Romance",7.9,443362,56.36
525,My Left Foot,1989,103,"Biography, Drama",7.9,67220,14.74
526,Crimes and Misdemeanors,1989,104,"Comedy, Drama",7.9,54197,18.25
527,The Untouchables,1987,119,"Crime, Drama, Thriller",7.9,278207,76.27
528,Hannah and Her Sisters,1986,107,"Comedy, Drama",7.9,66611,40.08
529,Brazil,1985,132,"Drama, Sci-Fi",7.9,186234,9.93
530,This Is Spinal Tap,1984,82,"Comedy, Music",7.9,127772,0.19
531,A Christmas Story,1983,93,"Comedy, Family",7.9,128573,20.61
532,The Blues Brothers,1980,133,"Action, Adventure, Comedy",7.9,181244,57.23
533,Manhattan,1979,96,"Comedy, Drama, Romance",7.9,130461,45.7
534,All That Jazz,1979,123,"Drama, Music, Musical",7.9,27846,37.82
535,Dawn of the Dead,1978,127,"Action, Adventure, Horror",7.9,110804,5.1
536,The Holy Mountain,1973,114,"Adventure, Drama, Fantasy",7.9,36279,0.06
537,Amarcord,1973,123,"Comedy, Drama",7.9,39456,-
538,The Discreet Charm of the Bourgeoisie,1972,102,Comedy,7.9,38067,0.2
539,"Aguirre, the Wrath of God",1972,95,"Action, Adventure, Biography",7.9,51799,-
540,Harold and Maude,1971,91,"Comedy, Drama, Romance",7.9,70241,-
541,Patton,1970,172,"Biography, Drama, War",7.9,93214,61.7
542,The Wild Bunch,1969,135,"Action, Adventure, Western",7.9,76837,12.06
543,Night of the Living Dead,1968,96,"Horror, Thriller",7.9,115649,0.09
544,The Lion in Winter,1968,134,"Biography, Drama, History",7.9,28720,22.28
545,In the Heat of the Night,1967,110,"Crime, Drama, Mystery",7.9,67088,24.38
546,Charade,1963,113,"Comedy, Mystery, Romance",7.9,67590,13.47
547,The Manchurian Candidate,1962,126,"Drama, Thriller",7.9,70748,-
548,Spartacus,1960,197,"Adventure, Biography, Drama",7.9,123338,30
549,L'Avventura,1960,144,"Drama, Mystery",7.9,26177,-
550,Hiroshima Mon Amour,1959,90,"Drama, Romance",7.9,27992,0.09
551,The Ten Commandments,1956,220,"Adventure, Drama",7.9,62999,93.74
552,The Searchers,1956,119,"Adventure, Drama, Western",7.9,79493,-
553,East of Eden,1955,118,Drama,7.9,39892,-
554,High Noon,1952,85,"Drama, Thriller, Western",7.9,96465,9.45
555,Strangers on a Train,1951,101,"Crime, Film-Noir, Thriller",7.9,122436,7.63
556,Harvey,1950,104,"Comedy, Drama, Fantasy",7.9,52302,-
557,Miracle on 34th Street,1947,96,"Comedy, Drama, Family",7.9,39588,2.65
558,Notorious,1946,102,"Drama, Film-Noir, Romance",7.9,91515,10.46
559,The Big Sleep,1946,114,"Crime, Film-Noir, Mystery",7.9,78232,6.54
560,The Lost Weekend,1945,101,"Drama, Film-Noir",7.9,33229,9.46
561,The Philadelphia Story,1940,112,"Comedy, Romance",7.9,62827,-
562,His Girl Friday,1940,92,"Comedy, Drama, Romance",7.9,53009,0.3
563,Bringing Up Baby,1938,102,"Comedy, Family, Romance",7.9,54531,-
564,The Adventures of Robin Hood,1938,102,"Action, Adventure, Romance",7.9,46819,3.98
565,A Night at the Opera,1935,96,"Comedy, Music, Musical",7.9,30292,2.54
566,King Kong,1933,100,"Adventure, Horror, Sci-Fi",7.9,78300,10
567,Freaks,1932,64,"Drama, Horror",7.9,41811,-
568,Nosferatu,1922,94,"Fantasy, Horror",7.9,88105,-
569,The Gentlemen,2019,113,"Action, Comedy, Crime",7.8,209685,-
570,The Salesman,2016,124,"Drama, Thriller",7.8,50155,2.4
571,Perfect Strangers,2016,96,"Comedy, Drama",7.8,55870,-
572,Hidden Figures,2016,127,"Biography, Drama, History",7.8,197342,169.61
573,Paddington 2,2017,103,"Adventure, Comedy, Family",7.8,59548,40.44
574,Udta Punjab,2016,148,"Action, Crime, Drama",7.8,26782,-
575,Kubo and the Two Strings,2016,101,"Animation, Action, Adventure",7.8,116713,48.02
576,M.S. Dhoni: The Untold Story,2016,184,"Biography, Drama, Sport",7.8,39028,1.78
577,Manchester by the Sea,2016,137,Drama,7.8,243130,47.7
578,Land of Mine,2015,100,"Drama, History, War",7.8,34882,0.44
579,Rogue One: A Star Wars Story,2016,133,"Action, Adventure, Sci-Fi",7.8,546656,532.18
580,Captain America: Civil War,2016,147,"Action, Adventure, Sci-Fi",7.8,654465,408.08
581,The Hateful Eight,2015,168,"Crime, Drama, Mystery",7.8,508167,54.12
582,Little Women,2019,135,"Drama, Romance",7.8,133352,108.1
583,Loving Vincent,2017,94,"Animation, Biography, Crime",7.8,49775,6.74
584,Pride,-,119,"Biography, Comedy, Drama",7.8,51251,-
585,The Past,2013,130,"Drama, Mystery",7.8,44619,1.33
586,The Great Beauty,2013,141,Drama,7.8,80088,2.85
587,The Lunchbox,2013,104,"Drama, Romance",7.8,49844,4.23
588,Vicky Donor,2012,126,"Comedy, Romance",7.8,39345,0.17
589,Big Hero 6,2014,102,"Animation, Action, Adventure",7.8,406219,222.53
590,About Time,-,123,"Comedy, Drama, Fantasy",7.8,296430,15.32
591,English Vinglish,2012,134,"Comedy, Drama, Family",7.8,33225,1.67
592,The Broken Circle Breakdown,2012,111,"Drama, Music, Romance",7.8,39063,0.18
593,The Wind Rises,2013,126,"Animation, Biography, Drama",7.8,72106,5.21
594,Toy Story 4,2019,100,"Animation, Adventure, Comedy",7.8,196356,434.04
595,The Best Offer,2013,131,"Crime, Drama, Mystery",7.8,106877,0.09
596,Moonrise Kingdom,2012,94,"Comedy, Drama, Romance",7.8,315655,45.51
597,How to Train Your Dragon 2,2014,102,"Animation, Action, Adventure",7.8,302234,177
598,The Big Short,2015,130,"Biography, Comedy, Drama",7.8,355996,70.26
599,Confessions,2010,106,"Drama, Thriller",7.8,35375,-
600,I Saw the Devil,2010,144,"Action, Crime, Drama",7.8,109267,0.13
601,The Girl with the Dragon Tattoo,2011,158,"Crime, Drama, Mystery",7.8,416929,102.52
602,Captain Phillips,2013,134,"Adventure, Biography, Crime",7.8,416798,107.1
603,The Man from Nowhere,2010,119,"Action, Crime, Drama",7.8,62026,0.01
604,Straight Outta Compton,2015,147,"Biography, Drama, History",7.8,177836,161.2
605,Mother,2009,129,"Crime, Drama, Mystery",7.8,51064,0.55
606,The Chaser,2008,125,"Action, Crime, Thriller",7.8,57529,-
607,The Hobbit: The Desolation of Smaug,2013,161,"Adventure, Fantasy",7.8,595808,258.37
608,The White Ribbon,2009,144,"Drama, History, Mystery",7.8,68122,2.22
609,The Girl with the Dragon Tattoo,2009,152,"Crime, Drama, Mystery",7.8,207637,10.1
610,The Fighter,-,116,"Biography, Drama, Sport",7.8,337485,93.62
611,Taken,-,90,"Action, Thriller",7.8,561706,145
612,The Boy in the Striped Pajamas,2008,94,"Drama, War",7.8,188487,9.03
613,Once,-,86,"Drama, Music, Romance",7.8,110000,9.44
614,The Hobbit: An Unexpected Journey,2012,169,"Adventure, Fantasy",7.8,751336,303
615,The Edge of Heaven,2007,122,Drama,7.8,30585,0.74
616,Atonement,2007,123,"Drama, Mystery, Romance",7.8,248299,50.93
617,Drive,-,100,"Crime, Drama",7.8,565573,35.06
618,American Gangster,2007,157,"Biography, Crime, Drama",7.8,388154,130.16
619,Avatar,2009,162,"Action, Adventure, Fantasy",7.8,1110667,760.51
620,Mr. Nobody,2009,141,"Drama, Fantasy, Romance",7.8,214394,0
621,Apocalypto,2006,139,"Action, Adventure, Drama",7.8,288908,50.87
622,Little Miss Sunshine,2006,101,"Comedy, Drama",7.8,436288,59.89
623,Hot Fuzz,2007,121,"Action, Comedy, Mystery",7.8,459441,23.64
624,The Curious Case of Benjamin Button,2008,166,"Drama, Fantasy, Romance",7.8,582822,127.51
625,Veer-Zaara,2004,192,"Drama, Family, Musical",7.8,48529,2.92
626,Adam's Apples,2005,94,"Comedy, Crime, Drama",7.8,45116,0
627,Pride & Prejudice,2005,129,"Drama, Romance",7.8,254046,38.41
628,The World's Fastest Indian,2005,127,"Biography, Drama, Sport",7.8,51662,5.13
629,Tokyo Godfathers,2003,92,"Animation, Adventure, Comedy",7.8,30564,0.13
630,Serenity,2005,119,"Action, Adventure, Sci-Fi",7.8,281808,25.51
631,Walk the Line,2005,136,"Biography, Drama, Music",7.8,232134,119.52
632,Evil,2003,113,Drama,7.8,35416,0.02
633,The Notebook,2004,123,"Drama, Romance",7.8,514905,81
634,The Motorcycle Diaries,2004,126,"Adventure, Biography, Drama",7.8,96091,16.76
635,Lilya 4-Ever,2002,109,"Crime, Drama",7.8,42345,0.18
636,The Triplets of Belleville,2003,80,"Animation, Comedy, Drama",7.8,50302,7
637,Joint Security Area,2000,110,"Action, Drama, Thriller",7.8,26127,-
638,The Count of Monte Cristo,2002,131,"Action, Adventure, Drama",7.8,128060,54.23
639,Waking Life,2001,100,"Animation, Drama, Fantasy",7.8,60349,2.89
640,Remember the Titans,2000,113,"Biography, Drama, Sport",7.8,196305,115.65
641,"Crouching Tiger, Hidden Dragon",2000,120,"Action, Adventure, Fantasy",7.8,251372,128.08
642,All About My Mother,1999,101,Drama,7.8,88289,8.26
643,Cast Away,2000,143,"Adventure, Drama, Romance",7.8,517521,233.63
644,The Boondock Saints,1999,108,"Action, Crime, Thriller",7.8,226079,0.03
645,The Insider,1999,157,"Biography, Drama, Thriller",7.8,158590,28.97
646,October Sky,1999,108,"Biography, Drama, Family",7.8,81875,32.48
647,Shrek,2001,90,"Animation, Adventure, Comedy",7.8,607683,267.67
648,Titanic,1997,194,"Drama, Romance",7.8,1035185,659.33
649,Fireworks,1997,103,"Crime, Drama, Romance",7.8,27405,0.23
650,Gattaca,1997,106,"Drama, Sci-Fi, Thriller",7.8,278637,12.34
651,The Game,1997,129,"Action, Drama, Mystery",7.8,341298,48.32
652,Breaking the Waves,1996,159,Drama,7.8,61840,4.04
653,Ed Wood,1994,127,"Biography, Comedy, Drama",7.8,164153,5.89
654,What's Eating Gilbert Grape,1993,118,Drama,7.8,212664,9.17
655,Tombstone,1993,130,"Action, Biography, Drama",7.8,125187,56.51
656,The Sandlot,1993,101,"Comedy, Drama, Family",7.8,78215,32.42
657,The Remains of the Day,1993,134,"Drama, Romance",7.8,65115,22.95
658,Naked,1993,132,"Comedy, Drama",7.8,34055,1.77
659,The Fugitive,1993,130,"Action, Crime, Drama",7.8,264946,183.88
660,A Bronx Tale,1993,121,"Crime, Drama, Romance",7.8,126801,17.27
661,Batman: Mask of the Phantasm,1993,76,"Animation, Action, Crime",7.8,43162,5.62
662,Hard Boiled,1992,128,"Action, Crime, Thriller",7.8,46375,-
663,Night on Earth,1991,129,"Comedy, Drama",7.8,54723,2.02
664,The Double Life of Véronique,1991,98,"Drama, Fantasy, Music",7.8,41538,2
665,Boyz n the Hood,1991,112,"Crime, Drama",7.8,124521,57.5
666,Misery,1990,107,"Drama, Thriller",7.8,182344,61.28
667,Awakenings,1990,121,"Biography, Drama",7.8,122989,52.1
668,Kiki's Delivery Service,1989,103,"Animation, Adventure, Drama",7.8,121466,-
669,Glory,1989,122,"Biography, Drama, History",7.8,121185,26.83
670,The Killer,1989,111,"Action, Crime, Drama",7.8,45366,-
671,Back to the Future Part II,1989,108,"Adventure, Comedy, Sci-Fi",7.8,476047,118.5
672,Mississippi Burning,1988,128,"Crime, Drama, History",7.8,87221,34.6
673,Predator,1987,107,"Action, Adventure, Sci-Fi",7.8,368386,59.74
674,Evil Dead II,1987,84,"Action, Comedy, Fantasy",7.8,147197,5.92
675,Ferris Bueller's Day Off,1986,103,Comedy,7.8,318502,70.14
676,Down by Law,1986,107,"Comedy, Crime, Drama",7.8,47418,1.44
677,The Goonies,1985,114,"Adventure, Comedy, Family",7.8,241728,61.5
678,The Color Purple,1985,154,Drama,7.8,77563,98.47
679,The Breakfast Club,1985,97,"Comedy, Drama",7.8,353915,45.88
680,The Killing Fields,1984,141,"Biography, Drama, History",7.8,51151,34.7
681,Ghostbusters,1984,105,"Action, Comedy, Fantasy",7.8,352102,238.63
682,The Right Stuff,1983,193,"Adventure, Biography, Drama",7.8,55733,21.5
683,The King of Comedy,1982,109,"Comedy, Crime, Drama",7.8,86668,2.5
684,E.T. the Extra-Terrestrial,1982,115,"Family, Sci-Fi",7.8,368074,435.11
685,Kramer vs. Kramer,1979,105,Drama,7.8,131803,106.26
686,Halloween,1978,91,"Horror, Thriller",7.8,231195,47
687,Days of Heaven,1978,94,"Drama, Romance",7.8,52086,-
688,The Outlaw Josey Wales,1976,135,Western,7.8,64965,31.8
689,The Man Who Would Be King,1975,129,"Adventure, History, War",7.8,44250,-
690,The Conversation,1974,113,"Drama, Mystery, Thriller",7.8,97148,4.42
691,The Day of the Jackal,1973,143,"Crime, Drama, Thriller",7.8,37041,16.06
692,Badlands,1973,94,"Action, Crime, Drama",7.8,65181,-
693,Cabaret,1972,124,"Drama, Music, Musical",7.8,47856,42.77
694,Willy Wonka & the Chocolate Factory,1971,100,"Family, Fantasy, Musical",7.8,176594,4
695,Midnight Cowboy,1969,113,Drama,7.8,99989,44.79
696,Wait Until Dark,1967,108,Thriller,7.8,27506,17.55
697,Guess Who's Coming to Dinner,1967,108,"Comedy, Drama",7.8,39109,56.7
698,Bonnie and Clyde,1967,111,"Action, Biography, Crime",7.8,101346,-
699,My Fair Lady,1964,170,"Drama, Family, Musical",7.8,85662,72
700,Mary Poppins,1964,139,"Comedy, Family, Fantasy",7.8,156190,102.27
701,The Longest Day,1962,178,"Action, Drama, History",7.8,51852,39.1
702,Jules and Jim,1962,105,"Drama, Romance",7.8,37097,-
703,The Innocents,1961,100,Horror,7.8,26729,2.62
704,Breathless,1960,90,"Crime, Drama",7.8,72340,0.34
705,Red River,1948,133,"Action, Adventure, Drama",7.8,27870,-
706,Key Largo,1948,100,"Action, Crime, Drama",7.8,36718,-
707,To Have and Have Not,1944,100,"Adventure, Comedy, Film-Noir",7.8,30708,-
708,Shadow of a Doubt,1943,108,"Film-Noir, Thriller",7.8,58932,-
709,Stagecoach,1939,96,"Adventure, Drama, Western",7.8,43044,-
710,The Lady Vanishes,1938,96,"Mystery, Thriller",7.8,46871,-
711,Bride of Frankenstein,1935,75,"Drama, Horror, Sci-Fi",7.8,43133,4.36
712,Duck Soup,1933,69,"Comedy, Musical, War",7.8,55294,-
713,Scarface,1932,93,"Action, Crime, Drama",7.8,25038,-
714,Frankenstein,1931,70,"Drama, Horror, Sci-Fi",7.8,64720,-
715,Tenet,2020,150,"Action, Sci-Fi",7.7,165061,53.8
716,Roma,2018,135,Drama,7.7,137784,-
717,Deadpool 2,2018,119,"Action, Adventure, Comedy",7.7,470457,324.59
718,Wind River,2017,107,"Crime, Drama, Mystery",7.7,199429,33.8
719,Get Out,-,104,"Horror, Mystery, Thriller",7.7,484214,176.04
720,Mission: Impossible - Fallout,2018,147,"Action, Adventure, Thriller",7.7,286908,220.16
721,A Man Called Ove,2015,116,"Comedy, Drama, Romance",7.7,46345,3.36
722,What We Do in the Shadows,2014,86,"Comedy, Horror",7.7,155032,3.33
723,When Marnie Was There,2014,103,"Animation, Drama, Family",7.7,31833,0.77
724,The Theory of Everything,2014,123,"Biography, Drama, Romance",7.7,398698,35.89
725,Kingsman: The Secret Service,2014,129,"Action, Adventure, Comedy",7.7,585376,128.26
726,The Fault in Our Stars,2014,126,"Drama, Romance",7.7,341143,124.87
727,Me and Earl and the Dying Girl,2015,105,"Comedy, Drama",7.7,122046,6.74
728,Birdman or (The Unexpected Virtue of Ignorance),2014,119,"Comedy, Drama",7.7,574022,42.34
729,Blue Is the Warmest Colour,2013,180,"Drama, Romance",7.7,137246,2.2
730,Kai Po Che,2013,120,"Drama, Sport",7.7,31709,1.12
731,Captain America: The Winter Soldier,2014,136,"Action, Adventure, Sci-Fi",7.7,727927,259.77
732,Rockstar,2011,159,"Drama, Music, Musical",7.7,38949,0.99
733,Nebraska,2013,115,"Adventure, Comedy, Drama",7.7,111572,17.65
734,Wreck-It Ralph,2012,101,"Animation, Adventure, Comedy",7.7,376027,189.42
735,The Little Prince,2015,108,"Animation, Adventure, Drama",7.7,56044,1.34
736,Detachment,2011,98,Drama,7.7,76203,0.07
737,Midnight in Paris,2011,94,"Comedy, Fantasy, Romance",7.7,384520,56.82
738,The Lego Movie,2014,100,"Animation, Action, Adventure",7.7,321925,257.76
739,Gravity,2013,91,"Drama, Sci-Fi, Thriller",7.7,762952,274.09
740,Star Trek Into Darkness,2013,132,"Action, Adventure, Sci-Fi",7.7,460977,228.78
741,Beasts of No Nation,2015,137,"Drama, War",7.7,72943,0.08
742,The Social Network,2010,120,"Biography, Drama",7.7,617635,96.96
743,X-Men: First Class,2011,131,"Action, Adventure, Sci-Fi",7.7,641668,146.41
744,The Hangover,2009,100,Comedy,7.7,712200,277.32
745,Skyfall,2012,143,"Action, Adventure, Thriller",7.7,625912,304.36
746,Silver Linings Playbook,2012,122,"Comedy, Drama, Romance",7.7,656543,132.09
747,Argo,2012,120,"Biography, Drama, Thriller",7.7,568081,136.03
748,500 Days of Summer,2009,95,"Comedy, Drama, Romance",7.7,468751,32.39
749,Harry Potter and the Deathly Hallows: Part 1,2010,146,"Adventure, Family, Fantasy",7.7,471575,295.98
750,Ponyo,2008,101,"Animation, Adventure, Comedy",7.7,122992,15.09
751,Frost/Nixon,2008,122,"Biography, Drama, History",7.7,102537,18.59
752,Paprika,2006,90,"Animation, Drama, Fantasy",7.7,70048,0.88
753,Changeling,2008,141,"Biography, Crime, Drama",7.7,237363,35.74
754,Flipped,-,90,"Comedy, Drama, Romance",7.7,80786,1.75
755,The Girl Who Leapt Through Time,2006,98,"Animation, Adventure, Comedy",7.7,59649,-
756,Death Note,2006,126,"Crime, Drama, Fantasy",7.7,28464,-
757,This Is England,2006,101,"Crime, Drama",7.7,115007,0.33
758,Ex Machina,2014,108,"Drama, Sci-Fi, Thriller",7.7,468886,25.44
759,After the Wedding,2006,120,Drama,7.7,31734,0.41
760,The Last King of Scotland,2006,123,"Biography, Drama, History",7.7,174216,17.61
761,Zodiac,2007,157,"Crime, Drama, Mystery",7.7,456579,33.08
762,Lucky Number Slevin,2006,110,"Action, Crime, Drama",7.7,298301,22.49
763,Joyeux Noel,2005,116,"Drama, History, Music",7.7,27398,1.05
764,Control,2007,122,"Biography, Drama, Music",7.7,61194,0.87
765,Tangled,2010,100,"Animation, Adventure, Comedy",7.7,401375,200.82
766,Black Book,2006,145,"Drama, Thriller, War",7.7,72198,4.4
767,Brokeback Mountain,2005,134,"Drama, Romance",7.7,320329,83.04
768,3:10 to Yuma,2007,122,"Action, Crime, Drama",7.7,286619,53.61
769,Crash,-,112,"Crime, Drama, Thriller",7.7,417477,54.58
770,Kung Fu Hustle,2004,99,"Action, Comedy, Fantasy",7.7,126186,17.11
771,The Bourne Supremacy,2004,108,"Action, Mystery, Thriller",7.7,431432,176.24
772,The Machinist,2004,101,"Drama, Thriller",7.7,355115,1.08
773,Ray,-,152,"Biography, Drama, Music",7.7,137305,75.33
774,Lost in Translation,2003,102,"Comedy, Drama",7.7,409887,44.59
775,Harry Potter and the Goblet of Fire,2005,157,"Adventure, Family, Fantasy",7.7,540289,290.01
776,Man on Fire,2004,146,"Action, Crime, Drama",7.7,326774,77.91
777,Coraline,2009,100,"Animation, Drama, Family",7.7,195554,75.29
778,The Last Samurai,2003,154,"Action, Drama",7.7,396621,111.11
779,The Magdalene Sisters,2002,114,Drama,7.7,25785,4.89
780,Finding Neverland,2004,106,"Biography, Drama, Family",7.7,197539,51.68
781,Good Bye Lenin!,2003,121,"Comedy, Drama, Romance",7.7,136974,4.06
782,In America,2002,105,Drama,7.7,40273,15.54
783,I Am Sam,2001,132,Drama,7.7,142102,40.31
784,Adaptation.,2002,115,"Comedy, Drama",7.7,176880,22.25
785,Black Hawk Down,2001,144,"Drama, History, War",7.7,361454,108.64
786,Road to Perdition,2002,117,"Crime, Drama, Thriller",7.7,244533,104.45
787,The Experiment,2001,120,"Drama, Thriller",7.7,90465,0.14
788,Billy Elliot,2000,110,"Drama, Music",7.7,125474,22
789,Hedwig and the Angry Inch,2001,93,"Comedy, Drama, Music",7.7,31763,3.03
790,Ocean's Eleven,2001,116,"Crime, Thriller",7.7,511176,183.42
791,Vampire Hunter D: Bloodlust,2000,103,"Animation, Action, Fantasy",7.7,28994,0.15
792,"O Brother, Where Art Thou?",2000,107,"Adventure, Comedy, Crime",7.7,282648,45.51
793,Interstate 60: Episodes of the Road,2002,116,"Adventure, Comedy, Drama",7.7,29722,-
794,"South Park: Bigger, Longer & Uncut",1999,81,"Animation, Comedy, Fantasy",7.7,191211,52.04
795,Office Space,1999,89,Comedy,7.7,239673,10.82
796,Happiness,1998,134,"Comedy, Drama",7.7,66001,2.81
797,Training Day,2001,122,"Crime, Drama, Thriller",7.7,386017,76.63
798,Rushmore,1998,93,"Comedy, Drama, Romance",7.7,167830,17.11
799,Open Your Eyes,1997,119,"Drama, Mystery, Sci-Fi",7.7,63600,0.37
800,Being John Malkovich,1999,113,"Comedy, Drama, Fantasy",7.7,309858,22.86
801,As Good as It Gets,1997,139,"Comedy, Drama, Romance",7.7,272899,148.48
802,The Fifth Element,1997,126,"Action, Adventure, Sci-Fi",7.7,430245,63.54
803,Le Dîner de Cons,1998,80,Comedy,7.7,37014,4.07
804,Donnie Brasco,1997,127,"Biography, Crime, Drama",7.7,276005,41.91
805,Shine,1996,105,"Biography, Drama, Music",7.7,50971,35.81
806,Primal Fear,1996,129,"Crime, Drama, Mystery",7.7,186615,56.12
807,Hamlet,1996,242,Drama,7.7,35795,4.41
808,A Little Princess,1995,97,"Drama, Family, Fantasy",7.7,31934,10.02
809,Fallen Angels,1995,99,"Comedy, Crime, Drama",7.7,25603,-
810,Il Postino,1994,108,"Biography, Comedy, Drama",7.7,33283,21.85
811,Clerks,1994,92,Comedy,7.7,210531,3.15
812,Short Cuts,1993,190,"Comedy, Drama",7.7,42002,6.11
813,Philadelphia,1993,125,Drama,7.7,222003,77.32
814,The Muppet Christmas Carol,1992,85,"Comedy, Drama, Family",7.7,47084,27.28
815,Malcolm X,1992,202,"Biography, Drama, History",7.7,84709,48.17
816,The Last of the Mohicans,1992,112,"Action, Adventure, Drama",7.7,147636,75.51
817,Porco Rosso,1992,94,"Animation, Adventure, Comedy",7.7,76205,-
818,Glengarry Glen Ross,1992,100,"Crime, Drama, Mystery",7.7,94991,10.73
819,A Few Good Men,1992,138,"Drama, Thriller",7.7,232826,141.34
820,Fried Green Tomatoes,1991,130,Drama,7.7,66280,82.42
821,Barton Fink,1991,116,"Comedy, Drama, Thriller",7.7,112246,6.15
822,Miller's Crossing,1990,115,"Crime, Drama, Thriller",7.7,124942,5.08
823,Who Framed Roger Rabbit,1988,104,"Animation, Adventure, Comedy",7.7,180531,156.45
824,The Vanishing,1988,107,"Mystery, Thriller",7.7,33613,-
825,Withnail & I,1987,107,"Comedy, Drama",7.7,39885,1.54
826,The Last Emperor,1987,163,"Biography, Drama, History",7.7,93239,43.98
827,Empire of the Sun,1987,153,"Action, Drama, History",7.7,114530,22.24
828,The Name of the Rose,1986,130,"Crime, Drama, Mystery",7.7,101119,7.15
829,Blue Velvet,1986,120,"Drama, Mystery, Thriller",7.7,179162,8.55
830,The Purple Rose of Cairo,1985,82,"Comedy, Fantasy, Romance",7.7,46704,10.63
831,After Hours,1985,97,"Comedy, Crime, Drama",7.7,58323,10.6
832,Zelig,1983,79,Comedy,7.7,39620,11.8
833,The Verdict,1982,129,Drama,7.7,35680,54
834,Star Trek II: The Wrath of Khan,1982,113,"Action, Adventure, Sci-Fi",7.7,111846,78.91
835,First Blood,1982,93,"Action, Adventure",7.7,224178,47.21
836,Ordinary People,1980,124,Drama,7.7,46488,54.8
837,Airplane!,1980,88,Comedy,7.7,212380,83.4
838,Lupin the 3rd: Castle of Cagliostro,1979,102,"Animation, Adventure, Family",7.7,26486,-
839,The Tenant,1976,126,"Drama, Thriller",7.7,39335,1.92
840,Love and Death,1975,85,"Comedy, War",7.7,35701,-
841,The Taking of Pelham One Two Three,1974,104,"Action, Crime, Thriller",7.7,26277,-
842,Blazing Saddles,1974,93,"Comedy, Western",7.7,124928,119.5
843,Serpico,1973,130,"Biography, Crime, Drama",7.7,108513,29.8
844,Enter the Dragon,1973,102,"Action, Crime, Drama",7.7,95489,25
845,Deliverance,1972,109,"Adventure, Drama, Thriller",7.7,98009,7.06
846,The French Connection,1971,104,"Action, Crime, Drama",7.7,108929,15.63
847,Dirty Harry,1971,102,"Action, Crime, Thriller",7.7,142059,35.9
848,Where Eagles Dare,1968,158,"Action, Adventure, War",7.7,51419,-
849,The Odd Couple,1968,105,Comedy,7.7,31310,44.53
850,The Dirty Dozen,1967,150,"Action, Adventure, War",7.7,66630,45.3
851,Belle de Jour,1967,100,"Drama, Romance",7.7,39752,0.03
852,A Man for All Seasons,1966,120,"Biography, Drama, History",7.7,30948,28.35
853,Repulsion,1965,105,"Drama, Horror, Thriller",7.7,48465,-
854,Zulu,1964,138,"Drama, History, War",7.7,35556,-
855,Goldfinger,1964,110,"Action, Adventure, Thriller",7.7,171788,51.08
856,The Birds,1963,119,"Drama, Horror, Mystery",7.7,170008,11.4
857,Cape Fear,1962,106,"Drama, Thriller",7.7,26168,-
858,Peeping Tom,1960,101,"Drama, Horror, Thriller",7.7,31034,0.08
859,The Magnificent Seven,1960,128,"Action, Adventure, Western",7.7,86872,4.91
860,Eyes Without a Face,1960,90,"Drama, Horror",7.7,27224,0.05
861,Invasion of the Body Snatchers,1956,80,"Drama, Horror, Sci-Fi",7.7,44500,-
862,Rebel Without a Cause,1955,111,Drama,7.7,82578,-
863,The Ladykillers,1955,91,"Comedy, Crime",7.7,26005,-
864,Sabrina,1954,113,"Comedy, Drama, Romance",7.7,58634,-
865,The Quiet Man,1952,129,"Comedy, Drama, Romance",7.7,34280,10.55
866,The Day the Earth Stood Still,1951,92,"Drama, Sci-Fi",7.7,75877,-
867,The African Queen,1951,105,"Adventure, Drama, Romance",7.7,70862,0.54
868,Gilda,1946,110,"Drama, Film-Noir, Romance",7.7,27646,-
869,Fantasia,1940,125,"Animation, Family, Fantasy",7.7,87775,76.41
870,The Invisible Man,1933,71,"Horror, Sci-Fi",7.7,30215,-
871,The Farewell,-,100,"Comedy, Drama",7.6,48128,16.88
872,Searching,-,102,"Drama, Mystery, Thriller",7.6,137749,26.02
873,Once Upon a Time... In Hollywood,2019,161,"Comedy, Drama",7.6,532515,142.5
874,Loveless,2017,127,Drama,7.6,29229,0.57
875,The Florida Project,2017,111,Drama,7.6,92840,5.9
876,Gifted,2017,101,Drama,7.6,97968,24.8
877,The Peanut Butter Falcon,2019,97,"Adventure, Comedy, Drama",7.6,61179,13.12
878,Victoria,-,138,"Crime, Drama, Romance",7.6,52017,-
879,Mustang,2015,97,Drama,7.6,35256,0.85
880,Guardians of the Galaxy Vol. 2,2017,136,"Action, Adventure, Comedy",7.6,560629,389.81
881,Baby Driver,2017,113,"Action, Crime, Music",7.6,431624,107.83
882,Only the Brave,2017,134,"Action, Biography, Drama",7.6,56840,18.34
883,Bridge of Spies,2015,142,"Drama, History, Thriller",7.6,284566,72.31
884,Incredibles 2,2018,118,"Animation, Action, Adventure",7.6,244768,608.58
885,Moana,-,107,"Animation, Adventure, Comedy",7.6,267140,248.76
886,Sicario,2015,121,"Action, Crime, Drama",7.6,366451,46.89
887,Creed,-,133,"Drama, Sport",7.6,244923,109.77
888,Leviathan,2014,140,"Crime, Drama",7.6,48816,1.09
889,Hell or High Water,-,102,"Action, Crime, Drama",7.6,201449,26.86
890,Philomena,2013,98,"Biography, Comedy, Drama",7.6,93557,37.71
891,Dawn of the Planet of the Apes,2014,130,"Action, Adventure, Drama",7.6,409410,208.55
892,The Body,2012,112,"Mystery, Thriller",7.6,56179,-
893,The Raid: Redemption,2011,101,"Action, Thriller",7.6,189106,4.11
894,End of Watch,2012,109,"Action, Crime, Drama",7.6,226433,41
895,The Secret World of Arrietty,2010,94,"Animation, Adventure, Family",7.6,79485,19.2
896,A Star Is Born,2018,136,"Drama, Music, Romance",7.6,327058,215.29
897,True Grit,2010,110,"Drama, Western",7.6,308664,171.24
898,In a Better World,2010,118,"Drama, Romance",7.6,38293,1.01
899,Despicable Me,2010,95,"Animation, Comedy, Crime",7.6,496184,251.51
900,50/50,2011,100,"Comedy, Drama, Romance",7.6,313884,35.01
901,Kick-Ass,2010,117,"Action, Comedy, Crime",7.6,521469,48.07
902,Celda 211,2009,113,"Action, Adventure, Crime",7.6,63431,-
903,Moneyball,2011,133,"Biography, Drama, Sport",7.6,363989,75.61
904,The Skin I Live In,2011,120,"Drama, Horror, Thriller",7.6,137260,3.19
905,Zombieland,2009,88,"Adventure, Comedy, Fantasy",7.6,516236,75.59
906,The Wave,2008,107,"Drama, Thriller",7.6,101927,-
907,Sherlock Holmes,2009,128,"Action, Adventure, Mystery",7.6,578860,209.03
908,The Blind Side,2009,129,"Biography, Drama, Sport",7.6,289700,255.96
909,The Visitor,-,104,Drama,7.6,41394,9.42
910,Seven Pounds,2008,123,Drama,7.6,284793,69.95
911,Eastern Promises,2007,100,"Action, Crime, Drama",7.6,226030,17.11
912,Stardust,2007,127,"Adventure, Family, Fantasy",7.6,252787,38.63
913,The Secret of Kells,2009,75,"Animation, Adventure, Family",7.6,30930,0.69
914,Inside Man,2006,129,"Crime, Drama, Mystery",7.6,334927,88.51
915,Gone Baby Gone,2007,114,"Crime, Drama, Mystery",7.6,248066,20.3
916,La Vie En Rose,2007,140,"Biography, Drama, Music",7.6,82151,10.3
917,Fearless,2006,104,"Action, Biography, Drama",7.6,72545,24.63
918,The Illusionist,2006,110,"Drama, Fantasy, Mystery",7.6,352880,39.87
919,Thank You for Smoking,2005,92,"Comedy, Drama",7.6,212036,24.79
920,Dead Man's Shoes,2004,90,"Crime, Drama, Thriller",7.6,49029,0.01
921,Harry Potter and the Half-Blood Prince,2009,153,"Action, Adventure, Family",7.6,466994,301.96
922,300,2006,117,"Action, Drama",7.6,727870,210.61
923,Match Point,2005,124,"Drama, Romance, Thriller",7.6,204783,23.09
924,Watchmen,2009,162,"Action, Drama, Mystery",7.6,496923,107.51
925,Lord of War,2005,122,"Action, Crime, Drama",7.6,292245,24.15
926,Saw,2004,103,"Horror, Mystery",7.6,376329,56
927,"Synecdoche, New York",2008,124,Drama,7.6,82019,3.08
928,Mysterious Skin,2004,105,Drama,7.6,65613,0.7
929,Love Me If You Dare,2003,93,"Comedy, Drama, Romance",7.6,66948,0.55
930,A Very Long Engagement,2004,133,"Drama, Mystery, Romance",7.6,70572,6.17
931,The Station Agent,2003,89,"Comedy, Drama",7.6,67041,5.74
932,21 Grams,2003,124,"Crime, Drama, Thriller",7.6,223019,16.29
933,Love Actually,2003,135,"Comedy, Drama, Romance",7.6,420585,59.7
934,Sympathy for Mr. Vengeance,2002,129,"Crime, Drama, Thriller",7.6,61979,0.05
935,25th Hour,2002,135,Drama,7.6,168918,13.06
936,The Butterfly Effect,2004,113,"Drama, Sci-Fi, Thriller",7.6,448220,57.94
937,28 Days Later...,2002,113,"Drama, Horror, Sci-Fi",7.6,373862,45.06
938,Battle Royale,2000,114,"Action, Adventure, Drama",7.6,167907,-
939,The Royal Tenenbaums,2001,110,"Comedy, Drama",7.6,264226,52.36
940,Y Tu Mamá También,2001,106,Drama,7.6,114943,13.62
941,Harry Potter and the Sorcerer's Stone,2001,152,"Adventure, Family, Fantasy",7.6,644558,317.58
942,The Others,2001,104,"Horror, Mystery, Thriller",7.6,334501,96.52
943,Blow,2001,124,"Biography, Crime, Drama",7.6,238893,52.99
944,Enemy at the Gates,2001,131,"Drama, History, War",7.6,241340,51.4
945,Traffic,2000,147,"Crime, Drama, Thriller",7.6,194560,124.12
946,Minority Report,2002,145,"Action, Crime, Mystery",7.6,504062,132.07
947,The Hurricane,1999,146,"Biography, Drama, Sport",7.6,90873,50.67
948,American Psycho,2000,101,"Comedy, Crime, Drama",7.6,482991,15.07
949,Run Lola Run,1998,80,"Crime, Drama, Thriller",7.6,187320,7.27
950,The Thin Red Line,1998,170,"Drama, War",7.6,171233,36.4
951,Mulan,1998,88,"Animation, Adventure, Family",7.6,252807,120.62
952,Fear and Loathing in Las Vegas,1998,118,"Adventure, Comedy, Drama",7.6,257860,10.68
953,Funny Games,1997,108,"Crime, Drama, Thriller",7.6,64132,-
954,Dark City,1998,100,"Mystery, Sci-Fi, Thriller",7.6,186833,14.38
955,Sleepers,1996,147,"Crime, Drama, Thriller",7.6,185325,49.1
956,Lost Highway,1997,134,"Mystery, Thriller",7.6,129596,3.8
957,Sense and Sensibility,1995,136,"Drama, Romance",7.6,101198,43.18
958,Die Hard with a Vengeance,1995,128,"Action, Adventure, Thriller",7.6,360507,100.01
959,Dead Man,1995,120,"Adventure, Drama, Fantasy",7.6,89659,1.04
960,The Bridges of Madison County,1995,135,"Drama, Romance",7.6,72300,71.52
961,Apollo 13,-,140,"Adventure, Drama, History",7.6,265723,173.84
962,Three Colors: White,1994,92,"Comedy, Drama, Romance",7.6,63182,1.46
963,Falling Down,1993,113,"Action, Crime, Drama",7.6,168967,40.9
964,Dazed and Confused,1993,102,Comedy,7.6,163815,7.99
965,My Cousin Vinny,1992,120,"Comedy, Crime",7.6,105927,52.93
966,Only Yesterday,1991,118,"Animation, Drama, Romance",7.6,26360,0.45
967,Delicatessen,1991,99,"Comedy, Crime",7.6,79888,1.79
968,Home Alone,1990,103,"Comedy, Family",7.6,461213,285.76
969,The Godfather Coda: The Death of Michael Corleone,1990,162,"Crime, Drama",7.6,354832,66.67
970,When Harry Met Sally...,1989,95,"Comedy, Drama, Romance",7.6,193280,92.82
971,The Little Mermaid,1989,83,"Animation, Family, Fantasy",7.6,235145,111.54
972,The Naked Gun: From the Files of Police Squad!,1988,85,"Comedy, Crime",7.6,150931,78.76
973,Dangerous Liaisons,1988,119,"Drama, Romance",7.6,64056,34.7
974,"Planes, Trains & Automobiles",1987,93,"Comedy, Drama",7.6,122161,49.53
975,Lethal Weapon,1987,109,"Action, Crime, Thriller",7.6,234526,65.21
976,The Fly,1986,96,"Drama, Horror, Sci-Fi",7.6,158265,40.46
977,Indiana Jones and the Temple of Doom,1984,118,"Action, Adventure",7.6,444280,179.87
978,Blood Simple,1984,99,"Crime, Drama, Thriller",7.6,86699,2.15
979,On Golden Pond,1981,109,Drama,7.6,27367,119.29
980,Mad Max 2: The Road Warrior,1981,96,"Action, Adventure, Sci-Fi",7.6,165165,12.47
981,The Warriors,1979,92,"Action, Crime, Thriller",7.6,93001,22.49
982,The Muppet Movie,1979,95,"Adventure, Comedy, Family",7.6,32392,76.66
983,Escape from Alcatraz,1979,112,"Action, Biography, Crime",7.6,119746,43
984,Watership Down,1978,91,"Animation, Adventure, Drama",7.6,33388,-
985,Midnight Express,1978,121,"Biography, Crime, Drama",7.6,73035,35
986,Close Encounters of the Third Kind,1977,138,"Drama, Sci-Fi",7.6,182945,132.09
987,Robin Hood,1973,83,"Animation, Adventure, Comedy",7.6,114436,32.06
988,The Long Goodbye,1973,112,"Comedy, Crime, Drama",7.6,25810,0.96
989,Duck You Sucker,1971,138,"Drama, War, Western",7.6,29788,0.7
990,Kelly's Heroes,1970,144,"Adventure, Comedy, War",7.6,44882,1.38
991,The Jungle Book,1967,78,"Animation, Adventure, Family",7.6,164594,141.84
992,Blow-Up,1966,111,"Drama, Mystery, Thriller",7.6,55854,-
993,A Hard Day's Night,1964,87,"Comedy, Music, Musical",7.6,39947,13.78
994,Breakfast at Tiffany's,1961,115,"Comedy, Drama, Romance",7.6,164997,-
995,Giant,1956,201,"Drama, Western",7.6,33710,-
996,From Here to Eternity,1953,118,"Drama, Romance, War",7.6,42975,30.5
997,Lifeboat,1944,97,"Drama, War",7.6,26225,-
998,Snow White and the Seven Dwarfs,1937,83,"Animation, Family, Fantasy",7.6,179662,184.93
999,The 39 Steps,1935,86,"Mystery, Thriller",7.6,51279,-
